{
    "Mercury": {
        "orbitParams": {
            "epoch": 2451545,
            "a": 0.38709893,
            "e": 0.20563069,
            "inc": 7.00487,
            "node": 48.33167,
            "peri": 29.12478,
            "ma": 174.79439
        },
        "renderParams": {
            "is_dwarf": false,
            "radius": 0.008,
            "color": "#B7B8B9",
            "texture": "2k_mercury.jpg"
        },
        "extraParams": {
            "diameter_km": 4880,
            "average_temperature_C": 167,
            "surface_gravity_m_s2": 3.7,
            "mass_kg": 3.3011e+23,
            "obliquity": 0.01,
            "rotation_period": 58.6462,
            "mass_earth": 0.05527286487608772
        }
    },
    "Venus": {
        "orbitParams": {
            "epoch": 2451545,
            "a": 0.72333199,
            "e": 0.00677323,
            "inc": 3.39471,
            "node": 76.68069,
            "peri": 54.85229,
            "ma": 50.44675
        },
        "renderParams": {
            "is_dwarf": false,
            "radius": 0.009,
            "color": "#c18f17",
            "texture": "4k_venus_atmosphere.jpg"
        },
        "extraParams": {
            "diameter_km": 12104,
            "average_temperature_C": 464,
            "surface_gravity_m_s2": 8.87,
            "mass_kg": 4.8675e+24,
            "obliquity": 177.36,
            "rotation_period": 243.018,
            "mass_earth": 0.8150030892258853
        }
    },
    "Earth": {
        "orbitParams": {
            "epoch": 2451545,
            "a": 1.00000011,
            "e": 0.01671022,
            "inc": 5e-05,
            "node": -11.26064,
            "peri": 114.20783,
            "ma": 357.51716
        },
        "renderParams": {
            "is_dwarf": false,
            "radius": 0.012,
            "color": "#1e90FF",
            "texture": "8k_earth_daymap.jpg"
        },
        "extraParams": {
            "diameter_km": 12742,
            "average_temperature_C": 15,
            "surface_gravity_m_s2": 9.81,
            "mass_kg": 5.97237e+24,
            "obliquity": 23.45,
            "rotation_period": 0.99727,
            "mass_earth": 1.0
        }
    },
    "Mars": {
        "orbitParams": {
            "epoch": 2451545,
            "a": 1.52366231,
            "e": 0.09341233,
            "inc": 1.85061,
            "node": 49.57854,
            "peri": 286.4623,
            "ma": 19.41248
        },
        "renderParams": {
            "is_dwarf": false,
            "radius": 0.01,
            "color": "#c1440e",
            "texture": "2k_mars.jpg"
        },
        "extraParams": {
            "diameter_km": 6779,
            "average_temperature_C": -60,
            "surface_gravity_m_s2": 3.71,
            "mass_kg": 6.4171e+23,
            "obliquity": 25.19,
            "rotation_period": 1.026,
            "mass_earth": 0.10744645760393279
        }
    },
    "Jupiter": {
        "orbitParams": {
            "epoch": 2451545,
            "a": 5.20336301,
            "e": 0.04839266,
            "inc": 1.3053,
            "node": 100.55615,
            "peri": -85.8023,
            "ma": 19.65053
        },
        "renderParams": {
            "is_dwarf": false,
            "radius": 0.016,
            "color": "#ffcc00",
            "texture": "2k_jupiter.jpg"
        },
        "extraParams": {
            "diameter_km": 139820,
            "average_temperature_C": -145,
            "surface_gravity_m_s2": 24.79,
            "mass_kg": 1.8982e+27,
            "obliquity": 3.13,
            "rotation_period": 0.41354,
            "mass_earth": 317.8302750834259
        }
    },
    "Saturn": {
        "orbitParams": {
            "epoch": 2451545,
            "a": 9.53707032,
            "e": 0.0541506,
            "inc": 2.48446,
            "node": 113.71504,
            "peri": -21.2831,
            "ma": -42.48762
        },
        "renderParams": {
            "is_dwarf": false,
            "radius": 0.012,
            "color": "#ead6b8",
            "texture": "2k_saturn.jpg"
        },
        "extraParams": {
            "diameter_km": 116460,
            "average_temperature_C": -178,
            "surface_gravity_m_s2": 10.44,
            "mass_kg": 5.6834e+26,
            "obliquity": 26.73,
            "rotation_period": 0.44002,
            "mass_earth": 95.16155228159006
        }
    },
    "rings": {
        "orbitParams": {
            "epoch": 2451545,
            "a": 9.53707032,
            "e": 0.0541506,
            "inc": 2.48446,
            "node": 113.71504,
            "peri": -21.2831,
            "ma": -42.48762
        },
        "renderParams": {
            "is_dwarf": false,
            "innerRadius": 0.022,
            "outerRadius": 0.042,
            "color": "#ead6b8",
            "texture": "2k_saturn_rings.png"
        },
        "extraParams": {
            "diameter_km": 116460,
            "average_temperature_C": -178,
            "surface_gravity_m_s2": 10.44,
            "mass_kg": 5.6834e+26,
            "obliquity": 26.73,
            "rotation_period": 0.44002,
            "mass_earth": 95.16155228159006
        }
    },
    "Uranus": {
        "orbitParams": {
            "epoch": 2451545,
            "a": 19.19126393,
            "e": 0.04716771,
            "inc": 0.76986,
            "node": 74.22988,
            "peri": 96.73436,
            "ma": 142.26794
        },
        "renderParams": {
            "is_dwarf": false,
            "radius": 0.01,
            "color": "#d1e7e7",
            "texture": "2k_uranus.jpg"
        },
        "extraParams": {
            "diameter_km": 50724,
            "average_temperature_C": -224,
            "surface_gravity_m_s2": 8.69,
            "mass_kg": 8.681e+25,
            "obliquity": 97.77,
            "rotation_period": 0.71833,
            "mass_earth": 14.535268243595091
        }
    },
    "Neptune": {
        "orbitParams": {
            "epoch": 2451545,
            "a": 30.06896348,
            "e": 0.00858587,
            "inc": 1.76917,
            "node": 131.72169,
            "peri": -86.75034,
            "ma": 259.9086
        },
        "renderParams": {
            "is_dwarf": false,
            "radius": 0.01,
            "color": "#3f54ba",
            "texture": "2k_neptune.jpg"
        },
        "extraParams": {
            "diameter_km": 49244,
            "average_temperature_C": -214,
            "surface_gravity_m_s2": 11.15,
            "mass_kg": 1.02413e+26,
            "obliquity": 28.32,
            "rotation_period": 0.67125,
            "mass_earth": 17.14779894748651
        }
    },
    "Ceres": {
        "orbitParams": {
            "epoch": 2460600.5,
            "a": 2.767,
            "e": 0.0792,
            "inc": 10.59,
            "node": 80.25,
            "peri": 73.29,
            "ma": 145.85
        },
        "renderParams": {
            "is_dwarf": true,
            "radius": 0.01,
            "color": "#B7B8B9",
            "texture": "4k_ceres_fictional.jpg"
        },
        "extraParams": {
            "diameter_km": 939.4,
            "average_temperature_C": -105,
            "surface_gravity_m_s2": 0.27,
            "mass_kg": 9.3835e+20,
            "obliquity": 4,
            "rotation_period": 0.3781,
            "mass_earth": 0.00015711518208014576
        }
    },
    "Pluto": {
        "orbitParams": {
            "epoch": 2457588.5,
            "a": 39.59,
            "e": 0.2518,
            "inc": 17.15,
            "node": 110.29,
            "peri": 113.71,
            "ma": 38.68
        },
        "renderParams": {
            "is_dwarf": true,
            "radius": 0.01,
            "color": "#B7B8B9",
            "texture": "plutomap2k.jpg"
        },
        "extraParams": {
            "diameter_km": 2376.6,
            "average_temperature_C": -229,
            "surface_gravity_m_s2": 0.62,
            "mass_kg": 1.303e+22,