{
    "Mercury": {
        "orbitParams": {
            
            "epoch": 2451545,
            "a": 0.38709893,
            "e": 0.20563069,
            "inc": 7.00487,
            "node": 48.33167,
            "peri": 29.12478,
            "ma": 174.79439
        },
        "renderParams": {
            "is_dwarf": false,
            "radius": 0.4,
            "color": "#B7B8B9",
            "texture": "8k_mercury.jpg"
        }
    },
    "Venus": {
        "orbitParams": {
           
            "epoch": 2451545,
            "a": 0.72333199,
            "e": 0.00677323,
            "inc": 3.39471,
            "node": 76.68069,
            "peri": 54.85229,
            "ma": 50.44675
        },
        "renderParams": {
            "is_dwarf": false,
            "radius": 0.45,
            "color": "#c18f17",
            "texture": "4k_venus_atmosphere.jpg"
        }
    },
    "Earth": {
        "orbitParams": {
            
            "epoch": 2451545,
            "a": 1.00000011,
            "e": 0.01671022,
            "inc": 0.00005,
            "node": -11.26064,
            "peri": 114.20783,
            "ma": 357.51716
        },
        "renderParams": {
            "is_dwarf": false,
            "radius": 0.6,
            "color": "##0000A0",
            "texture": "8k_earth_daymap.jpg"
        }
    },
    "Mars": {
        "orbitParams": {
            
            "epoch": 2451545,
            "a": 1.52366231,
            "e": 0.09341233,
            "inc": 1.85061,
            "node": 49.57854,
            "peri": 286.4623,
            "ma": 19.41248
        },
        "renderParams": {
            "is_dwarf": false,
            "radius": 0.5,
            "color": "#c1440e",
            "texture": "8k_mars.jpg"
        }
    },
    "Jupiter": {
        "orbitParams": {
            
            "epoch": 2451545,
            "a": 5.20336301,
            "e": 0.04839266,
            "inc": 1.30530,
            "node": 100.55615,
            "peri": -85.8023,
            "ma": 19.65053
        },
        "renderParams": {
            "is_dwarf": false,
            "radius": 0.8,
            "color": "#ffcc00",
            "texture": "8k_jupiter.jpg"
        }
    },
    "Saturn": {
        "orbitParams": {
            
            "epoch": 2451545,
            "a": 9.53707032,
            "e": 0.05415060,
            "inc": 2.48446,
            "node": 113.71504,
            "peri": -21.2831,
            "ma": -42.48762
        },
        "renderParams": {
            "is_dwarf": false,
            "radius": 0.6,
            "color": "#ead6b8",
            "texture": "8k_saturn.jpg"
        }
    },
    "Uranus": {
        "orbitParams": {
            
            "epoch": 2451545,
            "a": 19.19126393,
            "e": 0.04716771,
            "inc": 0.76986,
            "node": 74.22988,
            "peri": 96.73436,
            "ma": 142.26794
        },
        "renderParams": {
            "is_dwarf": false,
            "radius": 0.5,
            "color": "#d1e7e7",
            "texture": "2k_uranus.jpg"
        }
    },
    "Neptune": {
        "orbitParams": {
            
            "epoch": 2451545,
            "a": 30.06896348,
            "e": 0.00858587,
            "inc": 1.76917,
            "node": 131.72169,
            "peri": -86.75034,
            "ma": 259.9086
        },
        "renderParams": {
            "is_dwarf": false,
            "radius": 0.5,
            "color": "#3f54ba",
            "texture": "2k_neptune.jpg"
        }
    },	
    "Ceres": {
		"orbitParams": {
			"epoch": 2460600.5,
			"a": 2.767,
			"e": 0.0792,
			"inc": 10.59,
			"node": 80.25,
			"peri": 73.29,
			"ma": 145.85
		},
		"ExtraParams": {
			"spkid": 20000001,
			"full_name": "     1 Ceres (A801 AA)",
			"pdes": 1,
			"name": "Ceres",
			"neo": "N",
			"pha": "N",
			"sats": 0,
			"H": 3.34,
			"G": 0.12,
			"diameter": 939.4,
			"extent": "964.4 x 964.2 x 891.8",
			"albedo": 0.09,
			"rot_per": 9.07417,
			"GM": 62.6284,
			"BV": 0.713,
			"UB": 0.426,
			"spec_B": "C",
			"spec_T": "G",
			"diameter_sigma": 0.2,
			"orbit_id": "JPL 48",
			"epoch_mjd": 60600,
			"epoch_cal": "2024-10-17.0",
			"equinox": "J2000",
			"q": 2.548,
			"ad": 2.99,
			"n": 0.2142,
			"tp": 2459919.54,
			"tp_cal": "2022-12-06.0",
			"per": 1680.0,
			"per_y": 4.6,
			"moid": 1.58,
			"moid_ld": 617.0,
			"moid_jup": 2.09,
			"t_jup": 3.31,
			"sigma_e": 4.8e-12,
			"sigma_a": 1e-11,
			"sigma_q": 1.9e-11,
			"sigma_i": 4.6e-09,
			"sigma_om": 6.2e-08,
			"sigma_w": 6.6e-08,
			"sigma_ma": 6.4e-09,
			"sigma_ad": 1.1e-11,
			"sigma_n": 1.2e-12,
			"sigma_tp": 3.1e-08,
			"sigma_per": 9.3e-09,
			"class": "MBA",
			"producer": "Davide Farnocchia",
			"data_arc": 9520,
			"first_obs": "05/01/1995",
			"last_obs": "28/01/2021",
			"n_obs_used": 1075,
			"n_del_obs_used": 60.0,
			"n_dop_obs_used": 0.0,
			"condition_code": 0.0,
			"rms": 0.43153
		},
            "renderParams": {
            "is_dwarf": true,
            "radius": 0.5,
            "color": "#B7B8B9",
            "texture": "4k_ceres_fictional.jpg"
        }
	},
	"Pluto": {
		"orbitParams": {
			"epoch": 2457588.5,
			"a": 39.59,
			"e": 0.2518,
			"inc": 17.15,
			"node": 110.29,
			"peri": 113.71,
			"ma": 38.68
		},
		"ExtraParams": {
			"spkid": 20134340,
			"full_name": "134340 Pluto (1930 BM)",
			"pdes": 134340,
			"name": "Pluto",
			"neo": "N",
			"pha": "N",
			"sats": 5,
			"H": -0.46,
			"rot_per": 153.2935,
			"orbit_id": "JPL 1",
			"epoch_mjd": 57588,
			"epoch_cal": "2016-07-19.0",
			"equinox": "J2000",
			"q": 29.619,
			"ad": 49.56,
			"n": 0.003957,
			"tp": 2447812.09,
			"tp_cal": "1989-10-12.5",
			"per": 91000.0,
			"per_y": 249.0,
			"moid": 28.6,
			"moid_ld": 11100.0,
			"moid_jup": 24.4,
			"t_jup": 5.23,
			"class": "TNO",
			"producer": "R.S. Park",
			"data_arc": 31524,
			"first_obs": "29/03/1930",
			"last_obs": "19/07/2016",
			"n_obs_used": 7212
		},
        "renderParams": {
            "is_dwarf": true,
            "radius": 0.5,
            "color": "#B7B8B9",
            "texture": "pluto_texture_map__25k__by_askaniy_dcjk44z.jpg"
        }
	},
	"Haumea": {
		"orbitParams": {
			"epoch": 2460600.5,
			"a": 42.92,
			"e": 0.1983,
			"inc": 28.21,
			"node": 121.87,
			"peri": 241.0,
			"ma": 220.88
		},
		"ExtraParams": {
			"spkid": 20136108,
			"full_name": "136108 Haumea (2003 EL61)",
			"pdes": 136108,
			"name": "Haumea",
			"neo": "N",
			"pha": "N",
			"sats": 2,
			"H": 0.19,
			"rot_per": 3.9154,
			"orbit_id": "JPL 121",
			"epoch_mjd": 60600,
			"epoch_cal": "2024-10-17.0",
			"equinox": "J2000",
			"q": 34.408,
			"ad": 51.43,
			"n": 0.003505,
			"tp": 2500289.49,
			"tp_cal": "2133-06-16.9",
			"per": 103000.0,
			"per_y": 281.0,
			"moid": 33.5,
			"moid_ld": 13000.0,
			"moid_jup": 29.9,
			"t_jup": 5.08,
			"sigma_e": 1.3e-06,
			"sigma_a": 4.2e-05,
			"sigma_q": 6.5e-05,
			"sigma_i": 1.2e-06,
			"sigma_om": 1.9e-05,
			"sigma_w": 0.00082,
			"sigma_ma": 0.0012,
			"sigma_ad": 5.1e-05,
			"sigma_n": 5.2e-09,
			"sigma_tp": 0.32,
			"sigma_per": 0.15,
			"class": "TNO",
			"producer": "Otto Matic",
			"data_arc": 25316,
			"first_obs": "22/03/1955",
			"last_obs": "13/07/2024",
			"n_obs_used": 5512,
			"condition_code": 1.0,
			"rms": 0.25679
		},
        "renderParams": {
            "is_dwarf": true,
            "radius": 0.5,
            "color": "#B7B8B9",
            "texture": "4k_haumea_fictional.jpg"
        }
	},
	"Eris": {
		"orbitParams": {
			"epoch": 2460600.5,
			"a": 68.1,
			"e": 0.4343,
			"inc": 43.78,
			"node": 36.06,
			"peri": 150.72,
			"ma": 210.55
		},
		"ExtraParams": {
			"spkid": 20136199,
			"full_name": "136199 Eris (2003 UB313)",
			"pdes": 136199,
			"name": "Eris",
			"neo": "N",
			"pha": "N",
			"sats": 1,
			"H": -1.23,
			"rot_per": 25.9,
			"orbit_id": "JPL 90",
			"epoch_mjd": 60600,
			"epoch_cal": "2024-10-17.0",
			"equinox": "J2000",
			"q": 38.526,
			"ad": 97.68,
			"n": 0.001754,