{
    "Mercury": {
        "orbitParams": {
            
            "epoch": 2451545,
            "a": 0.38709893,
            "e": 0.20563069,
            "inc": 7.00487,
            "node": 48.33167,
            "peri": 29.12478,
            "ma": 174.79439
        },
        "renderParams": {

            "radius": 0.4,
            "color": "#cc9966"
        }
    },
    "Venus": {
        "orbitParams": {
           
            "epoch": 2451545,
            "a": 0.72333199,
            "e": 0.00677323,
            "inc": 3.39471,
            "node": 76.68069,
            "peri": 54.85229,
            "ma": 50.44675
        },
        "renderParams": {

            "radius": 0.45,
            "color": "#ff9900"
        }
    },
    "Earth": {
        "orbitParams": {
            
            "epoch": 2451545,
            "a": 1.00000011,
            "e": 0.01671022,
            "inc": 0.00005,
            "node": -11.26064,
            "peri": 114.20783,
            "ma": 357.51716
        },
        "renderParams": {

            "radius": 0.6,
            "color": "#0000ff"
        }
    },
    "Mars": {
        "orbitParams": {
            
            "epoch": 2451545,
            "a": 1.52366231,
            "e": 0.09341233,
            "inc": 1.85061,
            "node": 49.57854,
            "peri": 286.4623,
            "ma": 19.41248
        },
        "renderParams": {

            "radius": 0.5,
            "color": "#ff0000"
        }
    },
    "Jupiter": {
        "orbitParams": {
            
            "epoch": 2451545,
            "a": 5.20336301,
            "e": 0.04839266,
            "inc": 1.30530,
            "node": 100.55615,
            "peri": -85.8023,
            "ma": 19.65053
        },
        "renderParams": {

            "radius": 0.8,
            "color": "#ffcc00"
        }
    },
    "Saturn": {
        "orbitParams": {
            
            "epoch": 2451545,
            "a": 9.53707032,
            "e": 0.05415060,
            "inc": 2.48446,
            "node": 113.71504,
            "peri": -21.2831,
            "ma": -42.48762
        },
        "renderParams": {

            "radius": 0.6,
            "color": "#ead6b8"
        }
    },
    "Uranus": {
        "orbitParams": {
            
            "epoch": 2451545,
            "a": 19.19126393,
            "e": 0.04716771,
            "inc": 0.76986,
            "node": 74.22988,
            "peri": 96.73436,
            "ma": 142.26794
        },
        "renderParams": {

            "radius": 0.5,
            "color": "#d1e7e7"
        }
    },
    "Neptune": {
        "orbitParams": {
            
            "epoch": 2451545,
            "a": 30.06896348,
            "e": 0.00858587,
            "inc": 1.76917,
            "node": 131.72169,
            "peri": -86.75034,
            "ma": 259.9086
        },
        "renderParams": {

            "radius": 0.5,
            "color": "#3f54ba"
        }
    }
}
